"municipalityCode","prefecture","municipalityName","municipalityDisplayName"
"01100","北海道","札幌市","北海道札幌市"
"01202","北海道","函館市","北海道函館市"
"01203","北海道","小樽市","北海道小樽市"
"01204","北海道","旭川市","北海道旭川市"
"01205","北海道","室蘭市","北海道室蘭市"
"01206","北海道","釧路市","北海道釧路市"
"01207","北海道","帯広市","北海道帯広市"
"01208","北海道","北見市","北海道北見市"
"01209","北海道","夕張市","北海道夕張市"
"01210","北海道","岩見沢市","北海道岩見沢市"
"01211","北海道","網走市","北海道網走市"
"01212","北海道","留萌市","北海道留萌市"
"01213","北海道","苫小牧市","北海道苫小牧市"
"01214","北海道","稚内市","北海道稚内市"
"01215","北海道","美唄市","北海道美唄市"
"01216","北海道","芦別市","北海道芦別市"
"01217","北海道","江別市","北海道江別市"
"01218","北海道","赤平市","北海道赤平市"
"01219","北海道","紋別市","北海道紋別市"
"01220","北海道","士別市","北海道士別市"
"01221","北海道","名寄市","北海道名寄市"
"01222","北海道","三笠市","北海道三笠市"
"01223","北海道","根室市","北海道根室市"
"01224","北海道","千歳市","北海道千歳市"
"01225","北海道","滝川市","北海道滝川市"
"01226","北海道","砂川市","北海道砂川市"
"01227","北海道","歌志内市","北海道歌志内市"
"01228","北海道","深川市","北海道深川市"
"01229","北海道","富良野市","北海道富良野市"
"01230","北海道","登別市","北海道登別市"
"01231","北海道","恵庭市","北海道恵庭市"
"01233","北海道","伊達市","北海道伊達市"
"01234","北海道","北広島市","北海道北広島市"
"01235","北海道","石狩市","北海道石狩市"
"01236","北海道","北斗市","北海道北斗市"
"02201","青森県","青森市","青森県青森市"
"02202","青森県","弘前市","青森県弘前市"
"02203","青森県","八戸市","青森県八戸市"
"02204","青森県","黒石市","青森県黒石市"
"02205","青森県","五所川原市","青森県五所川原市"
"02206","青森県","十和田市","青森県十和田市"
"02207","青森県","三沢市","青森県三沢市"
"02208","青森県","むつ市","青森県むつ市"
"02209","青森県","つがる市","青森県つがる市"
"02210","青森県","平川市","青森県平川市"
"03201","岩手県","盛岡市","岩手県盛岡市"
"03202","岩手県","宮古市","岩手県宮古市"
"03203","岩手県","大船渡市","岩手県大船渡市"
"03205","岩手県","花巻市","岩手県花巻市"
"03206","岩手県","北上市","岩手県北上市"
"03207","岩手県","久慈市","岩手県久慈市"
"03208","岩手県","遠野市","岩手県遠野市"
"03209","岩手県","一関市","岩手県一関市"
"03210","岩手県","陸前高田市","岩手県陸前高田市"
"03211","岩手県","釜石市","岩手県釜石市"
"03213","岩手県","二戸市","岩手県二戸市"
"03214","岩手県","八幡平市","岩手県八幡平市"
"03215","岩手県","奥州市","岩手県奥州市"
"03216","岩手県","滝沢市","岩手県滝沢市"
"04100","宮城県","仙台市","宮城県仙台市"
"04202","宮城県","石巻市","宮城県石巻市"
"04203","宮城県","塩竈市","宮城県塩竈市"
"04205","宮城県","気仙沼市","宮城県気仙沼市"
"04206","宮城県","白石市","宮城県白石市"
"04207","宮城県","名取市","宮城県名取市"
"04208","宮城県","角田市","宮城県角田市"
"04209","宮城県","多賀城市","宮城県多賀城市"
"04211","宮城県","岩沼市","宮城県岩沼市"
"04212","宮城県","登米市","宮城県登米市"
"04213","宮城県","栗原市","宮城県栗原市"
"04214","宮城県","東松島市","宮城県東松島市"
"04215","宮城県","大崎市","宮城県大崎市"
"04216","宮城県","富谷市","宮城県富谷市"
"05201","秋田県","秋田市","秋田県秋田市"
"05202","秋田県","能代市","秋田県能代市"
"05203","秋田県","横手市","秋田県横手市"
"05204","秋田県","大館市","秋田県大館市"
"05206","秋田県","男鹿市","秋田県男鹿市"
"05207","秋田県","湯沢市","秋田県湯沢市"
"05209","秋田県","鹿角市","秋田県鹿角市"
"05210","秋田県","由利本荘市","秋田県由利本荘市"
"05211","秋田県","潟上市","秋田県潟上市"
"05212","秋田県","大仙市","秋田県大仙市"
"05213","秋田県","北秋田市","秋田県北秋田市"
"05214","秋田県","にかほ市","秋田県にかほ市"
"05215","秋田県","仙北市","秋田県仙北市"
"06201","山形県","山形市","山形県山形市"
"06202","山形県","米沢市","山形県米沢市"
"06203","山形県","鶴岡市","山形県鶴岡市"
"06204","山形県","酒田市","山形県酒田市"
"06205","山形県","新庄市","山形県新庄市"
"06206","山形県","寒河江市","山形県寒河江市"
"06207","山形県","上山市","山形県上山市"
"06208","山形県","村山市","山形県村山市"
"06209","山形県","長井市","山形県長井市"
"06210","山形県","天童市","山形県天童市"
"06211","山形県","東根市","山形県東根市"
"06212","山形県","尾花沢市","山形県尾花沢市"
"06213","山形県","南陽市","山形県南陽市"
"07201","福島県","福島市","福島県福島市"
"07202","福島県","会津若松市","福島県会津若松市"
"07203","福島県","郡山市","福島県郡山市"
"07204","福島県","いわき市","福島県いわき市"
"07205","福島県","白河市","福島県白河市"
"07207","福島県","須賀川市","福島県須賀川市"
"07208","福島県","喜多方市","福島県喜多方市"
"07209","福島県","相馬市","福島県相馬市"
"07210","福島県","二本松市","福島県二本松市"
"07211","福島県","田村市","福島県田村市"
"07212","福島県","南相馬市","福島県南相馬市"
"07213","福島県","伊達市","福島県伊達市"
"07214","福島県","本宮市","福島県本宮市"
"08201","茨城県","水戸市","茨城県水戸市"
"08202","茨城県","日立市","茨城県日立市"
"08203","茨城県","土浦市","茨城県土浦市"
"08204","茨城県","古河市","茨城県古河市"
"08205","茨城県","石岡市","茨城県石岡市"
"08207","茨城県","結城市","茨城県結城市"
"08208","茨城県","龍ケ崎市","茨城県龍ケ崎市"
"08210","茨城県","下妻市","茨城県下妻市"
"08211","茨城県","常総市","茨城県常総市"
"08212","茨城県","常陸太田市","茨城県常陸太田市"
"08214","茨城県","高萩市","茨城県高萩市"
"08215","茨城県","北茨城市","茨城県北茨城市"
"08216","茨城県","笠間市","茨城県笠間市"
"08217","茨城県","取手市","茨城県取手市"
"08219","茨城県","牛久市","茨城県牛久市"
"08220","茨城県","つくば市","茨城県つくば市"
"08221","茨城県","ひたちなか市","茨城県ひたちなか市"
"08222","茨城県","鹿嶋市","茨城県鹿嶋市"
"08223","茨城県","潮来市","茨城県潮来市"
"08224","茨城県","守谷市","茨城県守谷市"
"08225","茨城県","常陸大宮市","茨城県常陸大宮市"
"08226","茨城県","那珂市","茨城県那珂市"
"08227","茨城県","筑西市","茨城県筑西市"
"08228","茨城県","坂東市","茨城県坂東市"
"08229","茨城県","稲敷市","茨城県稲敷市"
"08230","茨城県","かすみがうら市","茨城県かすみがうら市"
"08231","茨城県","桜川市","茨城県桜川市"
"08232","茨城県","神栖市","茨城県神栖市"
"08233","茨城県","行方市","茨城県行方市"
"08234","茨城県","鉾田市","茨城県鉾田市"
"08235","茨城県","つくばみらい市","茨城県つくばみらい市"
"08236","茨城県","小美玉市","茨城県小美玉市"
"09201","栃木県","宇都宮市","栃木県宇都宮市"
"09202","栃木県","足利市","栃木県足利市"
"09203","栃木県","栃木市","栃木県栃木市"
"09204","栃木県","佐野市","栃木県佐野市"
"09205","栃木県","鹿沼市","栃木県鹿沼市"
"09206","栃木県","日光市","栃木県日光市"
"09208","栃木県","小山市","栃木県小山市"
"09209","栃木県","真岡市","栃木県真岡市"
"09210","栃木県","大田原市","栃木県大田原市"
"09211","栃木県","矢板市","栃木県矢板市"
"09213","栃木県","那須塩原市","栃木県那須塩原市"
"09214","栃木県","さくら市","栃木県さくら市"
"09215","栃木県","那須烏山市","栃木県那須烏山市"
"09216","栃木県","下野市","栃木県下野市"
"10201","群馬県","前橋市","群馬県前橋市"
"10202","群馬県","高崎市","群馬県高崎市"
"10203","群馬県","桐生市","群馬県桐生市"
"10204","群馬県","伊勢崎市","群馬県伊勢崎市"
"10205","群馬県","太田市","群馬県太田市"
"10206","群馬県","沼田市","群馬県沼田市"
"10207","群馬県","館林市","群馬県館林市"
"10208","群馬県","渋川市","群馬県渋川市"
"10209","群馬県","藤岡市","群馬県藤岡市"
"10210","群馬県","富岡市","群馬県富岡市"
"10211","群馬県","安中市","群馬県安中市"
"10212","群馬県","みどり市","群馬県みどり市"
"11100","埼玉県","さいたま市","埼玉県さいたま市"
"11201","埼玉県","川越市","埼玉県川越市"
"11202","埼玉県","熊谷市","埼玉県熊谷市"
"11203","埼玉県","川口市","埼玉県川口市"
"11206","埼玉県","行田市","埼玉県行田市"
"11207","埼玉県","秩父市","埼玉県秩父市"
"11208","埼玉県","所沢市","埼玉県所沢市"
"11209","埼玉県","飯能市","埼玉県飯能市"
"11210","埼玉県","加須市","埼玉県加須市"
"11211","埼玉県","本庄市","埼玉県本庄市"
"11212","埼玉県","東松山市","埼玉県東松山市"
"11214","埼玉県","春日部市","埼玉県春日部市"
"11215","埼玉県","狭山市","埼玉県狭山市"
"11216","埼玉県","羽生市","埼玉県羽生市"
"11217","埼玉県","鴻巣市","埼玉県鴻巣市"
"11218","埼玉県","深谷市","埼玉県深谷市"
"11219","埼玉県","上尾市","埼玉県上尾市"
"11221","埼玉県","草加市","埼玉県草加市"
"11222","埼玉県","越谷市","埼玉県越谷市"
"11223","埼玉県","蕨市","埼玉県蕨市"
"11224","埼玉県","戸田市","埼玉県戸田市"
"11225","埼玉県","入間市","埼玉県入間市"
"11227","埼玉県","朝霞市","埼玉県朝霞市"
"11228","埼玉県","志木市","埼玉県志木市"
"11229","埼玉県","和光市","埼玉県和光市"
"11230","埼玉県","新座市","埼玉県新座市"
"11231","埼玉県","桶川市","埼玉県桶川市"
"11232","埼玉県","久喜市","埼玉県久喜市"
"11233","埼玉県","北本市","埼玉県北本市"
"11234","埼玉県","八潮市","埼玉県八潮市"
"11235","埼玉県","富士見市","埼玉県富士見市"
"11237","埼玉県","三郷市","埼玉県三郷市"
"11238","埼玉県","蓮田市","埼玉県蓮田市"
"11239","埼玉県","坂戸市","埼玉県坂戸市"
"11240","埼玉県","幸手市","埼玉県幸手市"
"11241","埼玉県","鶴ヶ島市","埼玉県鶴ヶ島市"
"11242","埼玉県","日高市","埼玉県日高市"
"11243","埼玉県","吉川市","埼玉県吉川市"
"11245","埼玉県","ふじみ野市","埼玉県ふじみ野市"
"11246","埼玉県","白岡市","埼玉県白岡市"
"12100","千葉県","千葉市","千葉県千葉市"
"12202","千葉県","銚子市","千葉県銚子市"
"12203","千葉県","市川市","千葉県市川市"
"12204","千葉県","船橋市","千葉県船橋市"
"12205","千葉県","館山市","千葉県館山市"
"12206","千葉県","木更津市","千葉県木更津市"
"12207","千葉県","松戸市","千葉県松戸市"
"12208","千葉県","野田市","千葉県野田市"
"12210","千葉県","茂原市","千葉県茂原市"
"12211","千葉県","成田市","千葉県成田市"
"12212","千葉県","佐倉市","千葉県佐倉市"
"12213","千葉県","東金市","千葉県東金市"
"12215","千葉県","旭市","千葉県旭市"
"12216","千葉県","習志野市","千葉県習志野市"
"12217","千葉県","柏市","千葉県柏市"
"12218","千葉県","勝浦市","千葉県勝浦市"
"12219","千葉県","市原市","千葉県市原市"
"12220","千葉県","流山市","千葉県流山市"
"12221","千葉県","八千代市","千葉県八千代市"
"12222","千葉県","我孫子市","千葉県我孫子市"
"12223","千葉県","鴨川市","千葉県鴨川市"
"12224","千葉県","鎌ケ谷市","千葉県鎌ケ谷市"
"12225","千葉県","君津市","千葉県君津市"
"12226","千葉県","富津市","千葉県富津市"
"12227","千葉県","浦安市","千葉県浦安市"
"12228","千葉県","四街道市","千葉県四街道市"
"12229","千葉県","袖ケ浦市","千葉県袖ケ浦市"
"12230","千葉県","八街市","千葉県八街市"
"12231","千葉県","印西市","千葉県印西市"
"12232","千葉県","白井市","千葉県白井市"
"12233","千葉県","富里市","千葉県富里市"
"12234","千葉県","南房総市","千葉県南房総市"
"12235","千葉県","匝瑳市","千葉県匝瑳市"
"12236","千葉県","香取市","千葉県香取市"
"12237","千葉県","山武市","千葉県山武市"
"12238","千葉県","いすみ市","千葉県いすみ市"
"12239","千葉県","大網白里市","千葉県大網白里市"
"13100","東京都","特別区部","東京都特別区部"
"13201","東京都","八王子市","東京都八王子市"
"13202","東京都","立川市","東京都立川市"
"13203","東京都","武蔵野市","東京都武蔵野市"
"13204","東京都","三鷹市","東京都三鷹市"
"13205","東京都","青梅市","東京都青梅市"
"13206","東京都","府中市","東京都府中市"
"13207","東京都","昭島市","東京都昭島市"
"13208","東京都","調布市","東京都調布市"
"13209","東京都","町田市","東京都町田市"
"13210","東京都","小金井市","東京都小金井市"
"13211","東京都","小平市","東京都小平市"
"13212","東京都","日野市","東京都日野市"
"13213","東京都","東村山市","東京都東村山市"
"13214","東京都","国分寺市","東京都国分寺市"
"13215","東京都","国立市","東京都国立市"
"13218","東京都","福生市","東京都福生市"
"13219","東京都","狛江市","東京都狛江市"
"13220","東京都","東大和市","東京都東大和市"
"13221","東京都","清瀬市","東京都清瀬市"
"13222","東京都","東久留米市","東京都東久留米市"
"13223","東京都","武蔵村山市","東京都武蔵村山市"
"13224","東京都","多摩市","東京都多摩市"
"13225","東京都","稲城市","東京都稲城市"
"13227","東京都","羽村市","東京都羽村市"
"13228","東京都","あきる野市","東京都あきる野市"
"13229","東京都","西東京市","東京都西東京市"
"14100","神奈川県","横浜市","神奈川県横浜市"
"14130","神奈川県","川崎市","神奈川県川崎市"
"14150","神奈川県","相模原市","神奈川県相模原市"
"14201","神奈川県","横須賀市","神奈川県横須賀市"
"14203","神奈川県","平塚市","神奈川県平塚市"
"14204","神奈川県","鎌倉市","神奈川県鎌倉市"
"14205","神奈川県","藤沢市","神奈川県藤沢市"
"14206","神奈川県","小田原市","神奈川県小田原市"
"14207","神奈川県","茅ヶ崎市","神奈川県茅ヶ崎市"
"14208","神奈川県","逗子市","神奈川県逗子市"
"14210","神奈川県","三浦市","神奈川県三浦市"
"14211","神奈川県","秦野市","神奈川県秦野市"
"14212","神奈川県","厚木市","神奈川県厚木市"
"14213","神奈川県","大和市","神奈川県大和市"
"14214","神奈川県","伊勢原市","神奈川県伊勢原市"
"14215","神奈川県","海老名市","神奈川県海老名市"
"14216","神奈川県","座間市","神奈川県座間市"
"14217","神奈川県","南足柄市","神奈川県南足柄市"
"14218","神奈川県","綾瀬市","神奈川県綾瀬市"
"15100","新潟県","新潟市","新潟県新潟市"
"15202","新潟県","長岡市","新潟県長岡市"
"15204","新潟県","三条市","新潟県三条市"
"15205","新潟県","柏崎市","新潟県柏崎市"
"15206","新潟県","新発田市","新潟県新発田市"
"15208","新潟県","小千谷市","新潟県小千谷市"
"15209","新潟県","加茂市","新潟県加茂市"
"15210","新潟県","十日町市","新潟県十日町市"
"15211","新潟県","見附市","新潟県見附市"
"15212","新潟県","村上市","新潟県村上市"
"15213","新潟県","燕市","新潟県燕市"
"15216","新潟県","糸魚川市","新潟県糸魚川市"
"15217","新潟県","妙高市","新潟県妙高市"
"15218","新潟県","五泉市","新潟県五泉市"
"15222","新潟県","上越市","新潟県上越市"
"15223","新潟県","阿賀野市","新潟県阿賀野市"
"15224","新潟県","佐渡市","新潟県佐渡市"
"15225","新潟県","魚沼市","新潟県魚沼市"
"15226","新潟県","南魚沼市","新潟県南魚沼市"
"15227","新潟県","胎内市","新潟県胎内市"
"16201","富山県","富山市","富山県富山市"
"16202","富山県","高岡市","富山県高岡市"
"16204","富山県","魚津市","富山県魚津市"
"16205","富山県","氷見市","富山県氷見市"
"16206","富山県","滑川市","富山県滑川市"
"16207","富山県","黒部市","富山県黒部市"
"16208","富山県","砺波市","富山県砺波市"
"16209","富山県","小矢部市","富山県小矢部市"
"16210","富山県","南砺市","富山県南砺市"
"16211","富山県","射水市","富山県射水市"
"17201","石川県","金沢市","石川県金沢市"
"17202","石川県","七尾市","石川県七尾市"
"17203","石川県","小松市","石川県小松市"
"17204","石川県","輪島市","石川県輪島市"
"17205","石川県","珠洲市","石川県珠洲市"
"17206","石川県","加賀市","石川県加賀市"
"17207","石川県","羽咋市","石川県羽咋市"
"17209","石川県","かほく市","石川県かほく市"
"17210","石川県","白山市","石川県白山市"
"17211","石川県","能美市","石川県能美市"
"17212","石川県","野々市市","石川県野々市市"
"18201","福井県","福井市","福井県福井市"
"18202","福井県","敦賀市","福井県敦賀市"
"18204","福井県","小浜市","福井県小浜市"
"18205","福井県","大野市","福井県大野市"
"18206","福井県","勝山市","福井県勝山市"
"18207","福井県","鯖江市","福井県鯖江市"
"18208","福井県","あわら市","福井県あわら市"
"18209","福井県","越前市","福井県越前市"
"18210","福井県","坂井市","福井県坂井市"
"19201","山梨県","甲府市","山梨県甲府市"
"19202","山梨県","富士吉田市","山梨県富士吉田市"
"19204","山梨県","都留市","山梨県都留市"
"19205","山梨県","山梨市","山梨県山梨市"
"19206","山梨県","大月市","山梨県大月市"
"19207","山梨県","韮崎市","山梨県韮崎市"
"19208","山梨県","南アルプス市","山梨県南アルプス市"
"19209","山梨県","北杜市","山梨県北杜市"
"19210","山梨県","甲斐市","山梨県甲斐市"
"19211","山梨県","笛吹市","山梨県笛吹市"
"19212","山梨県","上野原市","山梨県上野原市"
"19213","山梨県","甲州市","山梨県甲州市"
"19214","山梨県","中央市","山梨県中央市"
"20201","長野県","長野市","長野県長野市"
"20202","長野県","松本市","長野県松本市"
"20203","長野県","上田市","長野県上田市"
"20204","長野県","岡谷市","長野県岡谷市"
"20205","長野県","飯田市","長野県飯田市"
"20206","長野県","諏訪市","長野県諏訪市"
"20207","長野県","須坂市","長野県須坂市"
"20208","長野県","小諸市","長野県小諸市"
"20209","長野県","伊那市","長野県伊那市"
"20210","長野県","駒ヶ根市","長野県駒ヶ根市"
"20211","長野県","中野市","長野県中野市"
"20212","長野県","大町市","長野県大町市"
"20213","長野県","飯山市","長野県飯山市"
"20214","長野県","茅野市","長野県茅野市"
"20215","長野県","塩尻市","長野県塩尻市"
"20217","長野県","佐久市","長野県佐久市"
"20218","長野県","千曲市","長野県千曲市"
"20219","長野県","東御市","長野県東御市"
"20220","長野県","安曇野市","長野県安曇野市"
"21201","岐阜県","岐阜市","岐阜県岐阜市"
"21202","岐阜県","大垣市","岐阜県大垣市"
"21203","岐阜県","高山市","岐阜県高山市"
"21204","岐阜県","多治見市","岐阜県多治見市"
"21205","岐阜県","関市","岐阜県関市"
"21206","岐阜県","中津川市","岐阜県中津川市"
"21207","岐阜県","美濃市","岐阜県美濃市"
"21208","岐阜県","瑞浪市","岐阜県瑞浪市"
"21209","岐阜県","羽島市","岐阜県羽島市"
"21210","岐阜県","恵那市","岐阜県恵那市"
"21211","岐阜県","美濃加茂市","岐阜県美濃加茂市"
"21212","岐阜県","土岐市","岐阜県土岐市"
"21213","岐阜県","各務原市","岐阜県各務原市"
"21214","岐阜県","可児市","岐阜県可児市"
"21215","岐阜県","山県市","岐阜県山県市"
"21216","岐阜県","瑞穂市","岐阜県瑞穂市"
"21217","岐阜県","飛騨市","岐阜県飛騨市"
"21218","岐阜県","本巣市","岐阜県本巣市"
"21219","岐阜県","郡上市","岐阜県郡上市"
"21220","岐阜県","下呂市","岐阜県下呂市"
"21221","岐阜県","海津市","岐阜県海津市"
"22100","静岡県","静岡市","静岡県静岡市"
"22130","静岡県","浜松市","静岡県浜松市"
"22203","静岡県","沼津市","静岡県沼津市"
"22205","静岡県","熱海市","静岡県熱海市"
"22206","静岡県","三島市","静岡県三島市"
"22207","静岡県","富士宮市","静岡県富士宮市"
"22208","静岡県","伊東市","静岡県伊東市"
"22209","静岡県","島田市","静岡県島田市"
"22210","静岡県","富士市","静岡県富士市"
"22211","静岡県","磐田市","静岡県磐田市"
"22212","静岡県","焼津市","静岡県焼津市"
"22213","静岡県","掛川市","静岡県掛川市"
"22214","静岡県","藤枝市","静岡県藤枝市"
"22215","静岡県","御殿場市","静岡県御殿場市"
"22216","静岡県","袋井市","静岡県袋井市"
"22219","静岡県","下田市","静岡県下田市"
"22220","静岡県","裾野市","静岡県裾野市"
"22221","静岡県","湖西市","静岡県湖西市"
"22222","静岡県","伊豆市","静岡県伊豆市"
"22223","静岡県","御前崎市","静岡県御前崎市"
"22224","静岡県","菊川市","静岡県菊川市"
"22225","静岡県","伊豆の国市","静岡県伊豆の国市"
"22226","静岡県","牧之原市","静岡県牧之原市"
"23100","愛知県","名古屋市","愛知県名古屋市"
"23201","愛知県","豊橋市","愛知県豊橋市"
"23202","愛知県","岡崎市","愛知県岡崎市"
"23203","愛知県","一宮市","愛知県一宮市"
"23204","愛知県","瀬戸市","愛知県瀬戸市"
"23205","愛知県","半田市","愛知県半田市"
"23206","愛知県","春日井市","愛知県春日井市"
"23207","愛知県","豊川市","愛知県豊川市"
"23208","愛知県","津島市","愛知県津島市"
"23209","愛知県","碧南市","愛知県碧南市"
"23210","愛知県","刈谷市","愛知県刈谷市"
"23211","愛知県","豊田市","愛知県豊田市"
"23212","愛知県","安城市","愛知県安城市"
"23213","愛知県","西尾市","愛知県西尾市"
"23214","愛知県","蒲郡市","愛知県蒲郡市"
"23215","愛知県","犬山市","愛知県犬山市"
"23216","愛知県","常滑市","愛知県常滑市"
"23217","愛知県","江南市","愛知県江南市"
"23219","愛知県","小牧市","愛知県小牧市"
"23220","愛知県","稲沢市","愛知県稲沢市"
"23221","愛知県","新城市","愛知県新城市"
"23222","愛知県","東海市","愛知県東海市"
"23223","愛知県","大府市","愛知県大府市"
"23224","愛知県","知多市","愛知県知多市"
"23225","愛知県","知立市","愛知県知立市"
"23226","愛知県","尾張旭市","愛知県尾張旭市"
"23227","愛知県","高浜市","愛知県高浜市"
"23228","愛知県","岩倉市","愛知県岩倉市"
"23229","愛知県","豊明市","愛知県豊明市"
"23230","愛知県","日進市","愛知県日進市"
"23231","愛知県","田原市","愛知県田原市"
"23232","愛知県","愛西市","愛知県愛西市"
"23233","愛知県","清須市","愛知県清須市"
"23234","愛知県","北名古屋市","愛知県北名古屋市"
"23235","愛知県","弥富市","愛知県弥富市"
"23236","愛知県","みよし市","愛知県みよし市"
"23237","愛知県","あま市","愛知県あま市"
"23238","愛知県","長久手市","愛知県長久手市"
"24201","三重県","津市","三重県津市"
"24202","三重県","四日市市","三重県四日市市"
"24203","三重県","伊勢市","三重県伊勢市"
"24204","三重県","松阪市","三重県松阪市"
"24205","三重県","桑名市","三重県桑名市"
"24207","三重県","鈴鹿市","三重県鈴鹿市"
"24208","三重県","名張市","三重県名張市"
"24209","三重県","尾鷲市","三重県尾鷲市"
"24210","三重県","亀山市","三重県亀山市"
"24211","三重県","鳥羽市","三重県鳥羽市"
"24212","三重県","熊野市","三重県熊野市"
"24214","三重県","いなべ市","三重県いなべ市"
"24215","三重県","志摩市","三重県志摩市"
"24216","三重県","伊賀市","三重県伊賀市"
"25201","滋賀県","大津市","滋賀県大津市"
"25202","滋賀県","彦根市","滋賀県彦根市"
"25203","滋賀県","長浜市","滋賀県長浜市"
"25204","滋賀県","近江八幡市","滋賀県近江八幡市"
"25206","滋賀県","草津市","滋賀県草津市"
"25207","滋賀県","守山市","滋賀県守山市"
"25208","滋賀県","栗東市","滋賀県栗東市"
"25209","滋賀県","甲賀市","滋賀県甲賀市"
"25210","滋賀県","野洲市","滋賀県野洲市"
"25211","滋賀県","湖南市","滋賀県湖南市"
"25212","滋賀県","高島市","滋賀県高島市"
"25213","滋賀県","東近江市","滋賀県東近江市"
"25214","滋賀県","米原市","滋賀県米原市"
"26100","京都府","京都市","京都府京都市"
"26201","京都府","福知山市","京都府福知山市"
"26202","京都府","舞鶴市","京都府舞鶴市"
"26203","京都府","綾部市","京都府綾部市"
"26204","京都府","宇治市","京都府宇治市"
"26205","京都府","宮津市","京都府宮津市"
"26206","京都府","亀岡市","京都府亀岡市"
"26207","京都府","城陽市","京都府城陽市"
"26208","京都府","向日市","京都府向日市"
"26209","京都府","長岡京市","京都府長岡京市"
"26210","京都府","八幡市","京都府八幡市"
"26211","京都府","京田辺市","京都府京田辺市"
"26212","京都府","京丹後市","京都府京丹後市"
"26213","京都府","南丹市","京都府南丹市"
"26214","京都府","木津川市","京都府木津川市"
"27100","大阪府","大阪市","大阪府大阪市"
"27140","大阪府","堺市","大阪府堺市"
"27202","大阪府","岸和田市","大阪府岸和田市"
"27203","大阪府","豊中市","大阪府豊中市"
"27204","大阪府","池田市","大阪府池田市"
"27205","大阪府","吹田市","大阪府吹田市"
"27206","大阪府","泉大津市","大阪府泉大津市"
"27207","大阪府","高槻市","大阪府高槻市"
"27208","大阪府","貝塚市","大阪府貝塚市"
"27209","大阪府","守口市","大阪府守口市"
"27210","大阪府","枚方市","大阪府枚方市"
"27211","大阪府","茨木市","大阪府茨木市"
"27212","大阪府","八尾市","大阪府八尾市"
"27213","大阪府","泉佐野市","大阪府泉佐野市"
"27214","大阪府","富田林市","大阪府富田林市"
"27215","大阪府","寝屋川市","大阪府寝屋川市"
"27216","大阪府","河内長野市","大阪府河内長野市"
"27217","大阪府","松原市","大阪府松原市"
"27218","大阪府","大東市","大阪府大東市"
"27219","大阪府","和泉市","大阪府和泉市"
"27220","大阪府","箕面市","大阪府箕面市"
"27221","大阪府","柏原市","大阪府柏原市"
"27222","大阪府","羽曳野市","大阪府羽曳野市"
"27223","大阪府","門真市","大阪府門真市"
"27224","大阪府","摂津市","大阪府摂津市"
"27225","大阪府","高石市","大阪府高石市"
"27226","大阪府","藤井寺市","大阪府藤井寺市"
"27227","大阪府","東大阪市","大阪府東大阪市"
"27228","大阪府","泉南市","大阪府泉南市"
"27229","大阪府","四條畷市","大阪府四條畷市"
"27230","大阪府","交野市","大阪府交野市"
"27231","大阪府","大阪狭山市","大阪府大阪狭山市"
"27232","大阪府","阪南市","大阪府阪南市"
"28100","兵庫県","神戸市","兵庫県神戸市"
"28201","兵庫県","姫路市","兵庫県姫路市"
"28202","兵庫県","尼崎市","兵庫県尼崎市"
"28203","兵庫県","明石市","兵庫県明石市"
"28204","兵庫県","西宮市","兵庫県西宮市"
"28205","兵庫県","洲本市","兵庫県洲本市"
"28206","兵庫県","芦屋市","兵庫県芦屋市"
"28207","兵庫県","伊丹市","兵庫県伊丹市"
"28208","兵庫県","相生市","兵庫県相生市"
"28209","兵庫県","豊岡市","兵庫県豊岡市"
"28210","兵庫県","加古川市","兵庫県加古川市"
"28212","兵庫県","赤穂市","兵庫県赤穂市"
"28213","兵庫県","西脇市","兵庫県西脇市"
"28214","兵庫県","宝塚市","兵庫県宝塚市"
"28215","兵庫県","三木市","兵庫県三木市"
"28216","兵庫県","高砂市","兵庫県高砂市"
"28217","兵庫県","川西市","兵庫県川西市"
"28218","兵庫県","小野市","兵庫県小野市"
"28219","兵庫県","三田市","兵庫県三田市"
"28220","兵庫県","加西市","兵庫県加西市"
"28221","兵庫県","丹波篠山市","兵庫県丹波篠山市"
"28222","兵庫県","養父市","兵庫県養父市"
"28223","兵庫県","丹波市","兵庫県丹波市"
"28224","兵庫県","南あわじ市","兵庫県南あわじ市"
"28225","兵庫県","朝来市","兵庫県朝来市"
"28226","兵庫県","淡路市","兵庫県淡路市"
"28227","兵庫県","宍粟市","兵庫県宍粟市"
"28228","兵庫県","加東市","兵庫県加東市"
"28229","兵庫県","たつの市","兵庫県たつの市"
"29201","奈良県","奈良市","奈良県奈良市"
"29202","奈良県","大和高田市","奈良県大和高田市"
"29203","奈良県","大和郡山市","奈良県大和郡山市"
"29204","奈良県","天理市","奈良県天理市"
"29205","奈良県","橿原市","奈良県橿原市"
"29206","奈良県","桜井市","奈良県桜井市"
"29207","奈良県","五條市","奈良県五條市"
"29208","奈良県","御所市","奈良県御所市"
"29209","奈良県","生駒市","奈良県生駒市"
"29210","奈良県","香芝市","奈良県香芝市"
"29211","奈良県","葛城市","奈良県葛城市"
"29212","奈良県","宇陀市","奈良県宇陀市"
"30201","和歌山県","和歌山市","和歌山県和歌山市"
"30202","和歌山県","海南市","和歌山県海南市"
"30203","和歌山県","橋本市","和歌山県橋本市"
"30204","和歌山県","有田市","和歌山県有田市"
"30205","和歌山県","御坊市","和歌山県御坊市"
"30206","和歌山県","田辺市","和歌山県田辺市"
"30207","和歌山県","新宮市","和歌山県新宮市"
"30208","和歌山県","紀の川市","和歌山県紀の川市"
"30209","和歌山県","岩出市","和歌山県岩出市"
"31201","鳥取県","鳥取市","鳥取県鳥取市"
"31202","鳥取県","米子市","鳥取県米子市"
"31203","鳥取県","倉吉市","鳥取県倉吉市"
"31204","鳥取県","境港市","鳥取県境港市"
"32201","島根県","松江市","島根県松江市"
"32202","島根県","浜田市","島根県浜田市"
"32203","島根県","出雲市","島根県出雲市"
"32204","島根県","益田市","島根県益田市"
"32205","島根県","大田市","島根県大田市"
"32206","島根県","安来市","島根県安来市"
"32207","島根県","江津市","島根県江津市"
"32209","島根県","雲南市","島根県雲南市"
"33100","岡山県","岡山市","岡山県岡山市"
"33202","岡山県","倉敷市","岡山県倉敷市"
"33203","岡山県","津山市","岡山県津山市"
"33204","岡山県","玉野市","岡山県玉野市"
"33205","岡山県","笠岡市","岡山県笠岡市"
"33207","岡山県","井原市","岡山県井原市"
"33208","岡山県","総社市","岡山県総社市"
"33209","岡山県","高梁市","岡山県高梁市"
"33210","岡山県","新見市","岡山県新見市"
"33211","岡山県","備前市","岡山県備前市"
"33212","岡山県","瀬戸内市","岡山県瀬戸内市"
"33213","岡山県","赤磐市","岡山県赤磐市"
"33214","岡山県","真庭市","岡山県真庭市"
"33215","岡山県","美作市","岡山県美作市"
"33216","岡山県","浅口市","岡山県浅口市"
"34100","広島県","広島市","広島県広島市"
"34202","広島県","呉市","広島県呉市"
"34203","広島県","竹原市","広島県竹原市"
"34204","広島県","三原市","広島県三原市"
"34205","広島県","尾道市","広島県尾道市"
"34207","広島県","福山市","広島県福山市"
"34208","広島県","府中市","広島県府中市"
"34209","広島県","三次市","広島県三次市"
"34210","広島県","庄原市","広島県庄原市"
"34211","広島県","大竹市","広島県大竹市"
"34212","広島県","東広島市","広島県東広島市"
"34213","広島県","廿日市市","広島県廿日市市"
"34214","広島県","安芸高田市","広島県安芸高田市"
"34215","広島県","江田島市","広島県江田島市"
"35201","山口県","下関市","山口県下関市"
"35202","山口県","宇部市","山口県宇部市"
"35203","山口県","山口市","山口県山口市"
"35204","山口県","萩市","山口県萩市"
"35206","山口県","防府市","山口県防府市"
"35207","山口県","下松市","山口県下松市"
"35208","山口県","岩国市","山口県岩国市"
"35210","山口県","光市","山口県光市"
"35211","山口県","長門市","山口県長門市"
"35212","山口県","柳井市","山口県柳井市"
"35213","山口県","美祢市","山口県美祢市"
"35215","山口県","周南市","山口県周南市"
"35216","山口県","山陽小野田市","山口県山陽小野田市"
"36201","徳島県","徳島市","徳島県徳島市"
"36202","徳島県","鳴門市","徳島県鳴門市"
"36203","徳島県","小松島市","徳島県小松島市"
"36204","徳島県","阿南市","徳島県阿南市"
"36205","徳島県","吉野川市","徳島県吉野川市"
"36206","徳島県","阿波市","徳島県阿波市"
"36207","徳島県","美馬市","徳島県美馬市"
"36208","徳島県","三好市","徳島県三好市"
"37201","香川県","高松市","香川県高松市"
"37202","香川県","丸亀市","香川県丸亀市"
"37203","香川県","坂出市","香川県坂出市"
"37204","香川県","善通寺市","香川県善通寺市"
"37205","香川県","観音寺市","香川県観音寺市"
"37206","香川県","さぬき市","香川県さぬき市"
"37207","香川県","東かがわ市","香川県東かがわ市"
"37208","香川県","三豊市","香川県三豊市"
"38201","愛媛県","松山市","愛媛県松山市"
"38202","愛媛県","今治市","愛媛県今治市"
"38203","愛媛県","宇和島市","愛媛県宇和島市"
"38204","愛媛県","八幡浜市","愛媛県八幡浜市"
"38205","愛媛県","新居浜市","愛媛県新居浜市"
"38206","愛媛県","西条市","愛媛県西条市"
"38207","愛媛県","大洲市","愛媛県大洲市"
"38210","愛媛県","伊予市","愛媛県伊予市"
"38213","愛媛県","四国中央市","愛媛県四国中央市"
"38214","愛媛県","西予市","愛媛県西予市"
"38215","愛媛県","東温市","愛媛県東温市"
"39201","高知県","高知市","高知県高知市"
"39202","高知県","室戸市","高知県室戸市"
"39203","高知県","安芸市","高知県安芸市"
"39204","高知県","南国市","高知県南国市"
"39205","高知県","土佐市","高知県土佐市"
"39206","高知県","須崎市","高知県須崎市"
"39208","高知県","宿毛市","高知県宿毛市"
"39209","高知県","土佐清水市","高知県土佐清水市"
"39210","高知県","四万十市","高知県四万十市"
"39211","高知県","香南市","高知県香南市"
"39212","高知県","香美市","高知県香美市"
"40100","福岡県","北九州市","福岡県北九州市"
"40130","福岡県","福岡市","福岡県福岡市"
"40202","福岡県","大牟田市","福岡県大牟田市"
"40203","福岡県","久留米市","福岡県久留米市"
"40204","福岡県","直方市","福岡県直方市"
"40205","福岡県","飯塚市","福岡県飯塚市"
"40206","福岡県","田川市","福岡県田川市"
"40207","福岡県","柳川市","福岡県柳川市"
"40210","福岡県","八女市","福岡県八女市"
"40211","福岡県","筑後市","福岡県筑後市"
"40212","福岡県","大川市","福岡県大川市"
"40213","福岡県","行橋市","福岡県行橋市"
"40214","福岡県","豊前市","福岡県豊前市"
"40215","福岡県","中間市","福岡県中間市"
"40216","福岡県","小郡市","福岡県小郡市"
"40217","福岡県","筑紫野市","福岡県筑紫野市"
"40218","福岡県","春日市","福岡県春日市"
"40219","福岡県","大野城市","福岡県大野城市"
"40220","福岡県","宗像市","福岡県宗像市"
"40221","福岡県","太宰府市","福岡県太宰府市"
"40223","福岡県","古賀市","福岡県古賀市"
"40224","福岡県","福津市","福岡県福津市"
"40225","福岡県","うきは市","福岡県うきは市"
"40226","福岡県","宮若市","福岡県宮若市"
"40227","福岡県","嘉麻市","福岡県嘉麻市"
"40228","福岡県","朝倉市","福岡県朝倉市"
"40229","福岡県","みやま市","福岡県みやま市"
"40230","福岡県","糸島市","福岡県糸島市"
"40231","福岡県","那珂川市","福岡県那珂川市"
"41201","佐賀県","佐賀市","佐賀県佐賀市"
"41202","佐賀県","唐津市","佐賀県唐津市"
"41203","佐賀県","鳥栖市","佐賀県鳥栖市"
"41204","佐賀県","多久市","佐賀県多久市"
"41205","佐賀県","伊万里市","佐賀県伊万里市"
"41206","佐賀県","武雄市","佐賀県武雄市"
"41207","佐賀県","鹿島市","佐賀県鹿島市"
"41208","佐賀県","小城市","佐賀県小城市"
"41209","佐賀県","嬉野市","佐賀県嬉野市"
"41210","佐賀県","神埼市","佐賀県神埼市"
"42201","長崎県","長崎市","長崎県長崎市"
"42202","長崎県","佐世保市","長崎県佐世保市"
"42203","長崎県","島原市","長崎県島原市"
"42204","長崎県","諫早市","長崎県諫早市"
"42205","長崎県","大村市","長崎県大村市"
"42207","長崎県","平戸市","長崎県平戸市"
"42208","長崎県","松浦市","長崎県松浦市"
"42209","長崎県","対馬市","長崎県対馬市"
"42210","長崎県","壱岐市","長崎県壱岐市"
"42211","長崎県","五島市","長崎県五島市"
"42212","長崎県","西海市","長崎県西海市"
"42213","長崎県","雲仙市","長崎県雲仙市"
"42214","長崎県","南島原市","長崎県南島原市"
"43100","熊本県","熊本市","熊本県熊本市"
"43202","熊本県","八代市","熊本県八代市"
"43203","熊本県","人吉市","熊本県人吉市"
"43204","熊本県","荒尾市","熊本県荒尾市"
"43205","熊本県","水俣市","熊本県水俣市"
"43206","熊本県","玉名市","熊本県玉名市"
"43208","熊本県","山鹿市","熊本県山鹿市"
"43210","熊本県","菊池市","熊本県菊池市"
"43211","熊本県","宇土市","熊本県宇土市"
"43212","熊本県","上天草市","熊本県上天草市"
"43213","熊本県","宇城市","熊本県宇城市"
"43214","熊本県","阿蘇市","熊本県阿蘇市"
"43215","熊本県","天草市","熊本県天草市"
"43216","熊本県","合志市","熊本県合志市"
"44201","大分県","大分市","大分県大分市"
"44202","大分県","別府市","大分県別府市"
"44203","大分県","中津市","大分県中津市"
"44204","大分県","日田市","大分県日田市"
"44205","大分県","佐伯市","大分県佐伯市"
"44206","大分県","臼杵市","大分県臼杵市"
"44207","大分県","津久見市","大分県津久見市"
"44208","大分県","竹田市","大分県竹田市"
"44209","大分県","豊後高田市","大分県豊後高田市"
"44210","大分県","杵築市","大分県杵築市"
"44211","大分県","宇佐市","大分県宇佐市"
"44212","大分県","豊後大野市","大分県豊後大野市"
"44213","大分県","由布市","大分県由布市"
"44214","大分県","国東市","大分県国東市"
"45201","宮崎県","宮崎市","宮崎県宮崎市"
"45202","宮崎県","都城市","宮崎県都城市"
"45203","宮崎県","延岡市","宮崎県延岡市"
"45204","宮崎県","日南市","宮崎県日南市"
"45205","宮崎県","小林市","宮崎県小林市"
"45206","宮崎県","日向市","宮崎県日向市"
"45207","宮崎県","串間市","宮崎県串間市"
"45208","宮崎県","西都市","宮崎県西都市"
"45209","宮崎県","えびの市","宮崎県えびの市"
"46201","鹿児島県","鹿児島市","鹿児島県鹿児島市"
"46203","鹿児島県","鹿屋市","鹿児島県鹿屋市"
"46204","鹿児島県","枕崎市","鹿児島県枕崎市"
"46206","鹿児島県","阿久根市","鹿児島県阿久根市"
"46208","鹿児島県","出水市","鹿児島県出水市"
"46210","鹿児島県","指宿市","鹿児島県指宿市"
"46213","鹿児島県","西之表市","鹿児島県西之表市"
"46214","鹿児島県","垂水市","鹿児島県垂水市"
"46215","鹿児島県","薩摩川内市","鹿児島県薩摩川内市"
"46216","鹿児島県","日置市","鹿児島県日置市"
"46217","鹿児島県","曽於市","鹿児島県曽於市"
"46218","鹿児島県","霧島市","鹿児島県霧島市"
"46219","鹿児島県","いちき串木野市","鹿児島県いちき串木野市"
"46220","鹿児島県","南さつま市","鹿児島県南さつま市"
"46221","鹿児島県","志布志市","鹿児島県志布志市"
"46222","鹿児島県","奄美市","鹿児島県奄美市"
"46223","鹿児島県","南九州市","鹿児島県南九州市"
"46224","鹿児島県","伊佐市","鹿児島県伊佐市"
"46225","鹿児島県","姶良市","鹿児島県姶良市"
"47201","沖縄県","那覇市","沖縄県那覇市"
"47205","沖縄県","宜野湾市","沖縄県宜野湾市"
"47207","沖縄県","石垣市","沖縄県石垣市"
"47208","沖縄県","浦添市","沖縄県浦添市"
"47209","沖縄県","名護市","沖縄県名護市"
"47210","沖縄県","糸満市","沖縄県糸満市"
"47211","沖縄県","沖縄市","沖縄県沖縄市"
"47212","沖縄県","豊見城市","沖縄県豊見城市"
"47213","沖縄県","うるま市","沖縄県うるま市"
"47214","沖縄県","宮古島市","沖縄県宮古島市"
"47215","沖縄県","南城市","沖縄県南城市"
